-0.001,0.000,0.002,1.000,-0.002,-0.042,-0.002,0.999,-0.047,-0.020,0.082,0.995,0.062,0.008,-0.001,0.998,0.003,0.168,0.008,0.986,-0.057,0.054,-0.027,0.997,0.103,0.196,-0.227,0.948,0.001,0.000,0.001,1.000,0.004,0.000,0.000,1.000,0.000,0.000,-0.002,1.000,0.005,-0.001,-0.003,1.000,0.001,0.001,0.030,1.000,-0.003,-0.011,-0.004,1.000,0.162,0.131,0.583,0.785,0.208,-0.186,-0.497,0.822,-0.057,0.068,0.010,0.996,-0.097,-0.096,-0.035,0.990,-0.100,-0.005,0.008,0.995,-0.223,-0.001,-0.023,0.974,0.000,0.000,0.000,0.000,0.000,0.000,0.000,0.000,0.000,0.000,0.000,1.000,0.000,0.000,0.000,1.000,0.090,0.000,0.000,0.996,0.202,-0.173,0.194,0.944,0.010,-0.278,-0.006,0.961,-0.010,-0.114,0.005,0.993,0.001,-0.019,0.078,0.997,-0.005,-0.001,0.230,0.973,-0.015,-0.004,0.053,0.998,0.018,-0.045,0.106,0.993,0.003,0.001,0.230,0.973,0.010,0.003,0.052,0.999,0.030,-0.079,0.131,0.988,0.006,0.002,0.230,0.973,0.018,0.005,0.052,0.999,0.033,-0.124,0.146,0.981,0.006,0.002,0.231,0.973,0.018,0.006,0.052,0.998,-0.293,-0.186,0.258,-0.902,-0.010,-0.278,-0.006,-0.960,0.008,-0.129,0.004,-0.992,-0.008,-0.048,0.074,-0.996,0.006,-0.002,0.217,-0.976,0.016,-0.004,0.048,-0.999,-0.026,-0.079,0.091,-0.992,-0.004,0.001,0.218,-0.976,-0.010,0.003,0.049,-0.999,-0.044,-0.117,0.098,-0.987,-0.007,0.002,0.219,-0.976,-0.018,0.005,0.050,-0.999,-0.049,-0.165,0.098,-0.980,-0.007,0.002,0.220,-0.976,-0.018,0.006,0.050,-0.999,0.000,0.000,0.000,0.000,
0.039,-0.110,0.109,0.987,-0.089,0.000,-0.075,0.993,-0.366,0.159,-0.080,0.913,0.137,0.083,0.003,0.987,0.603,0.061,-0.170,0.777,-0.020,0.071,-0.022,0.997,0.181,-0.104,-0.003,0.978,0.043,0.009,-0.070,0.997,0.072,0.002,-0.010,0.997,-0.098,0.012,-0.002,0.995,0.092,0.066,-0.067,0.991,-0.062,0.168,-0.130,0.975,-0.060,-0.168,0.096,0.979,-0.095,0.413,0.374,0.825,-0.061,-0.371,-0.253,0.891,-0.062,0.268,0.002,0.961,-0.142,-0.166,-0.030,0.975,-0.035,0.013,-0.097,0.995,-0.156,-0.132,0.154,0.967,0.000,0.000,0.000,0.000,0.000,0.000,0.000,0.000,0.000,0.000,0.000,1.000,0.000,0.000,0.000,1.000,0.090,0.000,0.000,0.996,0.192,-0.042,0.224,0.954,0.022,-0.382,-0.013,0.924,0.018,-0.346,-0.010,0.938,0.082,-0.067,0.616,0.780,0.032,0.009,0.783,0.621,0.005,0.001,0.388,0.921,0.042,-0.108,0.606,0.787,-0.021,-0.006,0.784,0.620,-0.003,-0.001,0.389,0.921,-0.006,-0.151,0.538,0.830,-0.037,-0.010,0.783,0.621,-0.005,-0.001,0.388,0.922,-0.029,-0.168,0.563,0.809,-0.037,-0.012,0.784,0.619,-0.006,-0.002,0.390,0.921,-0.291,-0.049,0.294,-0.909,-0.025,-0.403,-0.014,-0.915,-0.017,-0.338,-0.010,-0.941,-0.107,-0.166,0.602,-0.773,-0.032,0.009,0.780,-0.625,-0.004,0.001,0.372,-0.928,-0.069,-0.216,0.580,-0.783,0.021,-0.006,0.781,-0.624,0.002,-0.001,0.374,-0.928,-0.028,-0.262,0.492,-0.830,0.036,-0.010,0.780,-0.624,0.004,-0.001,0.373,-0.928,-0.006,-0.290,0.508,-0.811,0.037,-0.012,0.782,-0.622,0.005,-0.001,0.376,-0.927,0.000,0.000,0.000,0.000,
-0.025,-0.134,0.066,0.988,0.228,-0.037,-0.088,0.969,-0.109,0.045,-0.039,0.992,-0.026,0.038,-0.008,0.999,0.145,-0.040,-0.016,0.988,-0.087,0.058,-0.029,0.994,0.098,-0.098,0.030,0.990,0.006,0.020,-0.055,0.998,0.069,0.004,-0.004,0.998,-0.012,0.018,-0.019,1.000,0.152,0.097,-0.009,0.984,-0.008,0.031,0.038,0.999,0.027,0.094,0.052,0.994,0.260,-0.263,0.579,0.727,0.191,0.144,-0.562,0.792,-0.034,0.609,-0.006,0.793,-0.112,-0.623,-0.042,0.773,-0.016,0.006,-0.022,1.000,-0.103,-0.213,0.122,0.964,0.000,0.000,0.000,0.000,0.000,0.000,0.000,0.000,0.000,0.000,0.000,1.000,0.000,0.000,0.000,1.000,0.090,0.000,0.000,0.996,0.192,-0.043,0.224,0.955,0.022,-0.382,-0.013,0.924,0.018,-0.346,-0.010,0.938,0.082,-0.067,0.617,0.780,0.032,0.009,0.784,0.620,0.005,0.001,0.388,0.922,0.042,-0.108,0.606,0.787,-0.021,-0.006,0.785,0.619,-0.003,-0.001,0.388,0.921,-0.006,-0.151,0.538,0.829,-0.037,-0.010,0.784,0.620,-0.005,-0.001,0.388,0.922,-0.029,-0.168,0.564,0.808,-0.037,-0.012,0.785,0.618,-0.006,-0.002,0.390,0.921,-0.290,-0.049,0.294,-0.909,-0.025,-0.403,-0.014,-0.915,-0.017,-0.338,-0.010,-0.941,-0.107,-0.166,0.603,-0.773,-0.032,0.009,0.781,-0.624,-0.004,0.001,0.372,-0.928,-0.069,-0.216,0.580,-0.782,0.021,-0.006,0.782,-0.622,0.002,-0.001,0.373,-0.928,-0.028,-0.262,0.492,-0.830,0.036,-0.010,0.781,-0.623,0.004,-0.001,0.373,-0.928,-0.006,-0.291,0.508,-0.811,0.037,-0.012,0.783,-0.621,0.004,-0.001,0.376,-0.927,0.000,0.000,0.000,0.000,
0.123,-0.110,-0.008,0.986,-0.296,0.032,-0.004,0.955,-0.358,0.018,0.020,0.933,0.635,0.181,0.117,0.742,0.196,-0.054,-0.013,0.979,0.151,0.206,0.017,0.967,0.169,-0.075,-0.014,0.983,0.060,-0.009,-0.054,0.997,0.092,0.004,0.000,0.996,-0.095,0.024,0.009,0.995,0.081,0.102,-0.010,0.991,-0.049,0.150,-0.010,0.987,-0.055,-0.156,0.070,0.984,-0.143,0.297,0.309,0.892,-0.187,-0.326,-0.144,0.915,-0.023,0.473,-0.086,0.877,-0.220,-0.416,-0.026,0.882,0.074,-0.016,-0.125,0.989,-0.149,-0.121,0.238,0.952,0.000,0.000,0.000,0.000,0.000,0.000,0.000,0.000,0.000,0.000,0.000,1.000,0.000,0.000,0.000,1.000,0.090,0.000,0.000,0.996,0.192,-0.042,0.224,0.955,0.022,-0.383,-0.013,0.924,0.018,-0.346,-0.010,0.938,0.082,-0.067,0.617,0.779,0.032,0.009,0.785,0.619,0.005,0.001,0.388,0.922,0.042,-0.108,0.607,0.787,-0.021,-0.006,0.786,0.618,-0.003,-0.001,0.388,0.922,-0.006,-0.151,0.539,0.829,-0.037,-0.010,0.785,0.619,-0.005,-0.001,0.388,0.922,-0.029,-0.168,0.564,0.808,-0.037,-0.012,0.786,0.617,-0.006,-0.002,0.390,0.921,-0.290,-0.049,0.294,-0.909,-0.025,-0.403,-0.014,-0.915,-0.017,-0.338,-0.010,-0.941,-0.107,-0.166,0.603,-0.773,-0.032,0.009,0.781,-0.624,-0.004,0.001,0.372,-0.928,-0.069,-0.216,0.581,-0.782,0.021,-0.006,0.783,-0.622,0.002,-0.001,0.373,-0.928,-0.028,-0.262,0.492,-0.830,0.037,-0.010,0.782,-0.622,0.004,-0.001,0.373,-0.928,-0.006,-0.291,0.508,-0.811,0.037,-0.012,0.783,-0.621,0.004,-0.001,0.376,-0.927,0.000,0.000,0.000,0.000,
0.106,-0.049,-0.009,0.993,-0.374,0.047,-0.001,0.926,-0.247,0.026,-0.004,0.969,0.550,0.095,0.015,0.830,0.186,0.039,0.002,0.982,0.053,0.070,-0.011,0.996,0.012,0.007,-0.056,0.998,0.045,-0.005,-0.058,0.997,0.100,0.004,-0.002,0.995,-0.158,0.013,0.039,0.987,0.118,0.046,0.005,0.992,-0.073,0.197,-0.155,0.965,-0.091,-0.240,0.208,0.944,-0.276,0.446,0.222,0.822,-0.238,-0.426,-0.058,0.871,-0.039,0.266,-0.071,0.961,-0.268,-0.114,-0.014,0.957,0.106,0.017,-0.133,0.985,-0.186,-0.115,0.238,0.946,0.000,0.000,0.000,0.000,0.000,0.000,0.000,0.000,0.000,0.000,0.000,1.000,0.000,0.000,0.000,1.000,0.090,0.000,0.000,0.996,0.192,-0.042,0.224,0.955,0.022,-0.382,-0.013,0.924,0.018,-0.346,-0.010,0.938,0.082,-0.067,0.618,0.779,0.032,0.009,0.785,0.619,0.005,0.001,0.388,0.922,0.042,-0.108,0.607,0.787,-0.021,-0.006,0.786,0.618,-0.003,-0.001,0.388,0.922,-0.006,-0.151,0.539,0.829,-0.037,-0.010,0.785,0.619,-0.005,-0.001,0.388,0.922,-0.029,-0.168,0.564,0.808,-0.037,-0.012,0.786,0.617,-0.006,-0.002,0.390,0.921,-0.290,-0.049,0.294,-0.909,-0.025,-0.403,-0.014,-0.915,-0.017,-0.338,-0.010,-0.941,-0.107,-0.166,0.603,-0.773,-0.032,0.009,0.781,-0.624,-0.004,0.001,0.372,-0.928,-0.069,-0.216,0.581,-0.782,0.021,-0.006,0.783,-0.622,0.002,-0.001,0.373,-0.928,-0.028,-0.262,0.492,-0.830,0.037,-0.010,0.782,-0.622,0.004,-0.001,0.373,-0.928,-0.006,-0.291,0.508,-0.811,0.037,-0.012,0.783,-0.621,0.004,-0.001,0.376,-0.927,0.000,0.000,0.000,0.000,
0.055,0.019,0.025,0.998,-0.163,-0.008,-0.051,0.985,0.138,-0.020,-0.008,0.990,0.140,0.075,0.006,0.987,0.175,-0.013,0.010,0.984,-0.040,0.077,0.010,0.996,0.130,0.006,-0.081,0.988,-0.007,0.011,-0.048,0.999,0.072,0.004,-0.005,0.997,-0.075,0.013,0.017,0.997,0.171,-0.022,0.045,0.984,0.028,-0.071,0.085,0.993,-0.010,-0.028,0.015,0.999,0.124,-0.118,0.445,0.879,0.099,0.053,-0.563,0.819,-0.001,0.795,-0.096,0.599,-0.106,-0.746,0.010,0.658,0.057,0.064,-0.181,0.980,-0.072,-0.189,0.191,0.960,0.000,0.000,0.000,0.000,0.000,0.000,0.000,0.000,0.000,0.000,0.000,1.000,0.000,0.000,0.000,1.000,0.090,0.000,0.000,0.996,0.192,-0.042,0.224,0.955,0.022,-0.382,-0.013,0.924,0.018,-0.346,-0.010,0.938,0.082,-0.067,0.618,0.779,0.032,0.009,0.785,0.619,0.005,0.001,0.388,0.922,0.042,-0.108,0.607,0.787,-0.021,-0.006,0.786,0.618,-0.003,-0.001,0.388,0.922,-0.006,-0.151,0.539,0.829,-0.037,-0.010,0.785,0.619,-0.005,-0.001,0.388,0.922,-0.029,-0.168,0.564,0.808,-0.037,-0.012,0.786,0.617,-0.006,-0.002,0.390,0.921,-0.290,-0.049,0.294,-0.909,-0.025,-0.403,-0.014,-0.915,-0.017,-0.338,-0.010,-0.941,-0.107,-0.166,0.603,-0.773,-0.032,0.009,0.781,-0.624,-0.004,0.001,0.372,-0.928,-0.069,-0.216,0.581,-0.782,0.021,-0.006,0.783,-0.622,0.002,-0.001,0.373,-0.928,-0.028,-0.262,0.492,-0.830,0.037,-0.010,0.782,-0.622,0.004,-0.001,0.373,-0.928,-0.006,-0.291,0.508,-0.811,0.037,-0.012,0.783,-0.621,0.004,-0.001,0.376,-0.927,0.000,0.000,0.000,0.000,
0.123,-0.037,0.062,0.990,-0.230,0.017,-0.072,0.970,-0.365,0.056,-0.118,0.922,0.124,0.095,0.001,0.988,0.519,0.042,-0.060,0.852,0.003,0.069,0.017,0.997,0.232,-0.038,-0.032,0.971,0.050,0.015,-0.064,0.997,0.142,0.002,-0.013,0.990,-0.094,-0.019,0.022,0.995,0.068,0.058,0.023,0.996,-0.051,0.142,-0.079,0.985,-0.068,-0.186,0.118,0.973,-0.213,0.294,0.083,0.928,-0.271,-0.382,-0.087,0.879,-0.004,0.526,-0.121,0.842,-0.243,-0.399,0.002,0.884,0.107,-0.029,-0.158,0.981,-0.130,-0.051,0.211,0.967,0.000,0.000,0.000,0.000,0.000,0.000,0.000,0.000,0.000,0.000,0.000,1.000,0.000,0.000,0.000,1.000,0.090,0.000,0.000,0.996,0.192,-0.042,0.224,0.955,0.022,-0.382,-0.013,0.924,0.018,-0.346,-0.010,0.938,0.082,-0.067,0.617,0.780,0.032,0.009,0.785,0.619,0.005,0.001,0.388,0.922,0.042,-0.108,0.607,0.787,-0.021,-0.006,0.786,0.618,-0.003,-0.001,0.388,0.921,-0.006,-0.151,0.539,0.829,-0.037,-0.010,0.785,0.619,-0.005,-0.001,0.388,0.922,-0.029,-0.168,0.564,0.808,-0.037,-0.012,0.786,0.617,-0.006,-0.002,0.390,0.921,-0.290,-0.048,0.294,-0.909,-0.025,-0.403,-0.014,-0.915,-0.017,-0.338,-0.010,-0.941,-0.107,-0.166,0.603,-0.773,-0.032,0.009,0.781,-0.624,-0.004,0.001,0.372,-0.928,-0.069,-0.216,0.581,-0.782,0.021,-0.006,0.783,-0.622,0.002,-0.001,0.373,-0.928,-0.028,-0.262,0.492,-0.830,0.037,-0.010,0.782,-0.622,0.004,-0.001,0.373,-0.928,-0.006,-0.290,0.508,-0.811,0.037,-0.012,0.783,-0.621,0.004,-0.001,0.376,-0.927,0.000,0.000,0.000,0.000,
0.149,-0.135,0.061,0.978,-0.150,0.038,-0.051,0.987,-0.464,0.096,-0.068,0.878,-0.037,0.052,-0.003,0.998,0.293,0.040,-0.050,0.954,0.120,0.009,0.101,0.988,0.214,-0.077,-0.114,0.967,0.060,0.015,-0.083,0.995,0.174,0.002,-0.011,0.985,-0.143,-0.035,0.033,0.989,-0.038,0.102,-0.011,0.994,-0.068,0.163,-0.256,0.950,-0.040,-0.103,0.109,0.988,-0.331,0.471,0.054,0.816,-0.293,-0.464,0.171,0.818,-0.106,0.151,-0.032,0.982,-0.249,-0.114,-0.016,0.962,0.048,0.029,-0.139,0.989,-0.183,-0.122,0.246,0.944,0.000,0.000,0.000,0.000,0.000,0.000,0.000,0.000,0.000,0.000,0.000,1.000,0.000,0.000,0.000,1.000,0.090,0.000,0.000,0.996,0.192,-0.042,0.224,0.954,0.022,-0.382,-0.013,0.924,0.018,-0.346,-0.010,0.938,0.082,-0.066,0.617,0.780,0.032,0.009,0.785,0.619,0.005,0.001,0.388,0.922,0.042,-0.108,0.607,0.787,-0.021,-0.006,0.786,0.618,-0.003,-0.001,0.389,0.921,-0.006,-0.151,0.539,0.829,-0.037,-0.010,0.785,0.619,-0.005,-0.001,0.388,0.922,-0.029,-0.168,0.564,0.808,-0.037,-0.012,0.786,0.617,-0.006,-0.002,0.390,0.921,-0.291,-0.048,0.294,-0.909,-0.025,-0.403,-0.014,-0.915,-0.017,-0.338,-0.010,-0.941,-0.107,-0.166,0.603,-0.773,-0.032,0.009,0.781,-0.624,-0.004,0.001,0.372,-0.928,-0.069,-0.216,0.581,-0.782,0.021,-0.006,0.783,-0.622,0.002,-0.001,0.373,-0.928,-0.028,-0.262,0.492,-0.830,0.037,-0.010,0.782,-0.622,0.004,-0.001,0.373,-0.928,-0.006,-0.290,0.508,-0.811,0.037,-0.012,0.783,-0.621,0.004,-0.001,0.376,-0.927,0.000,0.000,0.000,0.000,
0.046,-0.211,0.028,0.976,0.197,0.012,-0.190,0.962,-0.083,-0.044,-0.053,0.994,0.106,0.087,-0.007,0.991,-0.059,-0.072,0.006,0.996,0.281,0.026,0.075,0.956,0.133,-0.046,0.016,0.990,-0.003,0.021,-0.075,0.997,0.080,0.004,0.002,0.997,-0.058,-0.030,0.010,0.998,0.048,0.111,-0.045,0.992,-0.026,0.067,-0.068,0.995,0.026,0.100,0.108,0.989,0.212,-0.086,0.578,0.783,0.055,-0.019,-0.520,0.852,-0.022,0.674,0.025,0.738,-0.118,-0.764,-0.010,0.634,-0.034,0.046,-0.123,0.991,-0.097,-0.173,0.191,0.961,0.000,0.000,0.000,0.000,0.000,0.000,0.000,0.000,0.000,0.000,0.000,1.000,0.000,0.000,0.000,1.000,0.090,0.000,0.000,0.996,0.192,-0.042,0.224,0.954,0.022,-0.382,-0.013,0.924,0.018,-0.346,-0.010,0.938,0.082,-0.066,0.617,0.780,0.032,0.009,0.785,0.619,0.005,0.001,0.388,0.922,0.042,-0.108,0.606,0.787,-0.021,-0.006,0.786,0.618,-0.003,-0.001,0.389,0.921,-0.006,-0.151,0.538,0.829,-0.037,-0.010,0.785,0.619,-0.005,-0.001,0.388,0.922,-0.029,-0.168,0.564,0.808,-0.037,-0.012,0.786,0.617,-0.006,-0.002,0.390,0.921,-0.291,-0.048,0.294,-0.909,-0.025,-0.403,-0.014,-0.915,-0.017,-0.338,-0.010,-0.941,-0.107,-0.166,0.603,-0.773,-0.032,0.009,0.781,-0.624,-0.004,0.001,0.372,-0.928,-0.069,-0.216,0.580,-0.782,0.021,-0.006,0.783,-0.622,0.002,-0.001,0.373,-0.928,-0.028,-0.262,0.492,-0.830,0.037,-0.010,0.782,-0.622,0.004,-0.001,0.373,-0.928,-0.006,-0.290,0.508,-0.811,0.037,-0.012,0.783,-0.621,0.004,-0.001,0.376,-0.927,0.000,0.000,0.000,0.000,
0.136,-0.084,-0.032,0.987,-0.260,-0.009,0.034,0.965,-0.300,0.011,0.023,0.954,0.484,0.053,0.045,0.872,0.217,-0.127,-0.030,0.967,0.358,0.075,0.083,0.927,0.133,-0.142,0.039,0.980,0.057,-0.005,-0.020,0.998,0.082,0.004,0.009,0.997,-0.100,-0.026,0.031,0.994,0.052,0.146,-0.005,0.988,-0.050,0.135,-0.099,0.985,-0.075,-0.190,0.215,0.955,-0.206,0.331,0.252,0.886,-0.253,-0.358,-0.064,0.897,-0.090,0.452,-0.076,0.884,-0.258,-0.336,-0.011,0.906,0.030,0.027,-0.119,0.992,-0.151,-0.060,0.225,0.961,0.000,0.000,0.000,0.000,0.000,0.000,0.000,0.000,0.000,0.000,0.000,1.000,0.000,0.000,0.000,1.000,0.090,0.000,0.000,0.996,0.192,-0.042,0.224,0.954,0.022,-0.382,-0.013,0.924,0.018,-0.346,-0.010,0.938,0.082,-0.066,0.617,0.780,0.032,0.009,0.785,0.619,0.005,0.001,0.388,0.922,0.042,-0.108,0.606,0.787,-0.021,-0.006,0.786,0.618,-0.003,-0.001,0.389,0.921,-0.006,-0.151,0.538,0.829,-0.037,-0.010,0.785,0.619,-0.005,-0.001,0.388,0.922,-0.029,-0.168,0.564,0.808,-0.037,-0.012,0.786,0.617,-0.006,-0.002,0.390,0.921,-0.291,-0.048,0.294,-0.909,-0.025,-0.403,-0.014,-0.915,-0.017,-0.338,-0.010,-0.941,-0.107,-0.166,0.603,-0.773,-0.032,0.009,0.781,-0.624,-0.004,0.001,0.372,-0.928,-0.069,-0.216,0.580,-0.782,0.021,-0.006,0.783,-0.622,0.002,-0.001,0.373,-0.928,-0.028,-0.262,0.492,-0.830,0.037,-0.010,0.782,-0.622,0.004,-0.001,0.373,-0.928,-0.006,-0.290,0.508,-0.811,0.037,-0.012,0.783,-0.621,0.004,-0.001,0.376,-0.927,0.000,0.000,0.000,0.000,
0.105,0.057,0.003,0.993,-0.324,-0.051,-0.108,0.939,-0.110,-0.018,-0.015,0.994,0.387,0.039,0.036,0.921,0.025,-0.046,0.005,0.999,0.136,0.073,0.071,0.985,0.168,-0.037,-0.077,0.982,0.046,-0.002,-0.044,0.998,0.088,0.004,-0.002,0.996,-0.096,-0.015,0.045,0.994,0.082,0.265,-0.012,0.961,-0.055,0.130,-0.208,0.968,-0.094,-0.236,0.285,0.924,-0.241,0.459,0.215,0.828,-0.281,-0.442,-0.176,0.833,-0.009,0.329,-0.070,0.942,-0.266,-0.193,0.003,0.944,0.097,-0.010,-0.140,0.985,-0.126,-0.108,0.247,0.955,0.000,0.000,0.000,0.000,0.000,0.000,0.000,0.000,0.000,0.000,0.000,1.000,0.000,0.000,0.000,1.000,0.090,0.000,0.000,0.996,0.192,-0.042,0.224,0.954,0.022,-0.382,-0.013,0.924,0.018,-0.346,-0.010,0.938,0.082,-0.066,0.617,0.780,0.032,0.009,0.785,0.619,0.005,0.001,0.388,0.922,0.042,-0.108,0.606,0.787,-0.021,-0.006,0.786,0.618,-0.003,-0.001,0.389,0.921,-0.006,-0.151,0.538,0.829,-0.037,-0.010,0.785,0.619,-0.005,-0.001,0.388,0.922,-0.029,-0.168,0.564,0.808,-0.037,-0.012,0.786,0.617,-0.006,-0.002,0.390,0.921,-0.291,-0.048,0.294,-0.909,-0.025,-0.403,-0.014,-0.915,-0.017,-0.338,-0.010,-0.941,-0.107,-0.166,0.603,-0.773,-0.032,0.009,0.781,-0.624,-0.004,0.001,0.372,-0.928,-0.069,-0.216,0.580,-0.782,0.021,-0.006,0.783,-0.622,0.002,-0.001,0.373,-0.928,-0.028,-0.262,0.492,-0.830,0.037,-0.010,0.782,-0.622,0.004,-0.001,0.373,-0.928,-0.006,-0.290,0.508,-0.811,0.037,-0.012,0.783,-0.621,0.004,-0.001,0.376,-0.927,0.000,0.000,0.000,0.000,
0.034,0.198,0.065,0.977,-0.064,-0.010,-0.127,0.990,0.118,0.019,0.067,0.991,0.066,0.007,-0.007,0.998,0.113,0.016,0.007,0.993,-0.021,-0.008,0.112,0.994,0.199,0.010,-0.087,0.976,-0.008,0.008,-0.046,0.999,0.070,0.003,-0.007,0.997,-0.009,-0.024,0.016,1.000,0.148,0.127,0.025,0.980,0.033,-0.111,-0.060,0.991,-0.040,-0.094,0.149,0.984,0.171,-0.209,0.548,0.791,0.147,0.066,-0.624,0.765,-0.028,0.734,-0.096,0.672,-0.090,-0.741,-0.004,0.666,0.042,0.052,-0.163,0.984,-0.069,-0.134,0.181,0.972,0.000,0.000,0.000,0.000,0.000,0.000,0.000,0.000,0.000,0.000,0.000,1.000,0.000,0.000,0.000,1.000,0.090,0.000,0.000,0.996,0.192,-0.042,0.224,0.954,0.022,-0.382,-0.013,0.924,0.018,-0.346,-0.010,0.938,0.082,-0.066,0.617,0.780,0.032,0.009,0.785,0.619,0.005,0.001,0.388,0.922,0.042,-0.108,0.606,0.787,-0.021,-0.006,0.786,0.618,-0.003,-0.001,0.389,0.921,-0.006,-0.151,0.538,0.829,-0.037,-0.010,0.785,0.619,-0.005,-0.001,0.388,0.922,-0.029,-0.168,0.564,0.808,-0.037,-0.012,0.786,0.617,-0.006,-0.002,0.390,0.921,-0.291,-0.048,0.294,-0.909,-0.025,-0.403,-0.014,-0.915,-0.017,-0.338,-0.010,-0.941,-0.107,-0.166,0.603,-0.773,-0.032,0.009,0.781,-0.624,-0.004,0.001,0.372,-0.928,-0.069,-0.216,0.580,-0.782,0.021,-0.006,0.783,-0.622,0.002,-0.001,0.373,-0.928,-0.028,-0.262,0.492,-0.830,0.037,-0.010,0.782,-0.622,0.004,-0.001,0.373,-0.928,-0.006,-0.290,0.508,-0.811,0.037,-0.012,0.783,-0.621,0.004,-0.001,0.376,-0.927,0.000,0.000,0.000,0.000,
0.081,0.011,0.095,0.992,-0.186,0.067,-0.084,0.977,-0.274,0.096,-0.114,0.950,0.176,0.049,-0.022,0.983,0.461,0.018,-0.100,0.881,0.033,-0.030,0.132,0.990,0.287,-0.100,-0.073,0.950,0.059,0.003,-0.066,0.996,0.117,-0.005,-0.018,0.993,-0.071,-0.026,0.022,0.997,0.059,0.070,0.006,0.996,-0.051,0.126,-0.161,0.978,-0.078,-0.196,0.238,0.948,-0.223,0.292,0.180,0.913,-0.234,-0.385,-0.330,0.830,-0.038,0.502,-0.129,0.854,-0.277,-0.436,0.001,0.856,0.100,-0.008,-0.161,0.982,-0.150,-0.115,0.261,0.947,0.000,0.000,0.000,0.000,0.000,0.000,0.000,0.000,0.000,0.000,0.000,1.000,0.000,0.000,0.000,1.000,0.090,0.000,0.000,0.996,0.192,-0.042,0.224,0.954,0.022,-0.382,-0.013,0.924,0.018,-0.346,-0.010,0.938,0.082,-0.066,0.617,0.780,0.032,0.009,0.785,0.619,0.005,0.001,0.388,0.922,0.042,-0.108,0.606,0.787,-0.021,-0.006,0.786,0.618,-0.003,-0.001,0.389,0.921,-0.006,-0.151,0.538,0.829,-0.037,-0.010,0.785,0.619,-0.005,-0.001,0.388,0.922,-0.029,-0.168,0.564,0.808,-0.037,-0.012,0.786,0.617,-0.006,-0.002,0.390,0.921,-0.291,-0.048,0.294,-0.909,-0.025,-0.403,-0.014,-0.915,-0.017,-0.338,-0.010,-0.941,-0.107,-0.166,0.603,-0.773,-0.032,0.009,0.781,-0.624,-0.004,0.001,0.372,-0.928,-0.069,-0.216,0.580,-0.782,0.021,-0.006,0.783,-0.622,0.002,-0.001,0.373,-0.928,-0.028,-0.262,0.492,-0.830,0.037,-0.010,0.782,-0.622,0.004,-0.001,0.373,-0.928,-0.006,-0.290,0.508,-0.811,0.037,-0.012,0.783,-0.621,0.004,-0.001,0.376,-0.927,0.000,0.000,0.000,0.000,
0.121,-0.176,0.063,0.975,-0.100,0.035,-0.074,0.992,-0.448,0.105,-0.031,0.887,-0.074,0.011,0.001,0.997,0.257,0.063,-0.036,0.964,0.053,-0.033,0.104,0.993,0.222,-0.054,-0.091,0.969,0.074,0.000,-0.068,0.995,0.139,-0.008,-0.017,0.990,-0.110,0.005,0.036,0.993,0.017,0.074,-0.037,0.996,-0.095,0.246,-0.253,0.931,-0.100,-0.258,0.266,0.923,-0.345,0.408,0.135,0.834,-0.286,-0.274,-0.027,0.918,-0.088,0.255,-0.091,0.959,-0.342,-0.193,0.001,0.920,0.117,0.025,-0.193,0.974,-0.166,-0.157,0.270,0.935,0.000,0.000,0.000,0.000,0.000,0.000,0.000,0.000,0.000,0.000,0.000,1.000,0.000,0.000,0.000,1.000,0.090,0.000,0.000,0.996,0.192,-0.042,0.224,0.954,0.022,-0.382,-0.013,0.924,0.018,-0.346,-0.010,0.938,0.082,-0.066,0.617,0.780,0.032,0.009,0.785,0.619,0.005,0.001,0.388,0.922,0.042,-0.108,0.606,0.787,-0.021,-0.006,0.786,0.618,-0.003,-0.001,0.389,0.921,-0.006,-0.151,0.538,0.829,-0.037,-0.010,0.785,0.619,-0.005,-0.001,0.388,0.922,-0.029,-0.168,0.564,0.808,-0.037,-0.012,0.786,0.617,-0.006,-0.002,0.390,0.921,-0.291,-0.048,0.294,-0.909,-0.025,-0.403,-0.014,-0.915,-0.017,-0.338,-0.010,-0.941,-0.107,-0.166,0.603,-0.773,-0.032,0.009,0.781,-0.624,-0.004,0.001,0.372,-0.928,-0.069,-0.216,0.580,-0.782,0.021,-0.006,0.783,-0.622,0.002,-0.001,0.373,-0.928,-0.028,-0.262,0.492,-0.830,0.037,-0.010,0.782,-0.622,0.004,-0.001,0.373,-0.928,-0.006,-0.290,0.508,-0.811,0.037,-0.012,0.783,-0.621,0.004,-0.001,0.376,-0.927,0.000,0.000,0.000,0.000,
0.088,-0.305,0.035,0.948,0.026,0.002,-0.220,0.975,-0.241,0.042,0.013,0.969,0.202,0.097,-0.004,0.975,0.121,0.056,0.004,0.991,0.195,0.045,0.120,0.972,0.057,0.012,-0.027,0.998,-0.002,0.024,-0.073,0.997,0.080,0.002,0.000,0.997,-0.061,0.012,0.009,0.998,0.130,0.099,-0.036,0.986,-0.008,0.031,0.041,0.999,0.024,0.077,0.014,0.997,0.188,-0.081,0.490,0.848,0.051,0.065,-0.531,0.844,0.086,0.618,-0.062,0.779,-0.151,-0.753,0.019,0.641,0.102,0.089,-0.123,0.983,-0.099,-0.214,0.244,0.941,0.000,0.000,0.000,0.000,0.000,0.000,0.000,0.000,0.000,0.000,0.000,1.000,0.000,0.000,0.000,1.000,0.090,0.000,0.000,0.996,0.192,-0.042,0.224,0.954,0.022,-0.382,-0.013,0.924,0.018,-0.346,-0.010,0.938,0.082,-0.066,0.617,0.780,0.032,0.009,0.785,0.619,0.005,0.001,0.388,0.922,0.042,-0.108,0.606,0.787,-0.021,-0.006,0.786,0.618,-0.003,-0.001,0.389,0.921,-0.006,-0.151,0.538,0.829,-0.037,-0.010,0.785,0.619,-0.005,-0.001,0.388,0.922,-0.029,-0.168,0.564,0.808,-0.037,-0.012,0.786,0.617,-0.006,-0.002,0.390,0.921,-0.291,-0.048,0.294,-0.909,-0.025,-0.403,-0.014,-0.915,-0.017,-0.338,-0.010,-0.941,-0.107,-0.166,0.603,-0.773,-0.032,0.009,0.781,-0.624,-0.004,0.001,0.372,-0.928,-0.069,-0.216,0.580,-0.782,0.021,-0.006,0.783,-0.622,0.002,-0.001,0.373,-0.928,-0.028,-0.262,0.492,-0.830,0.037,-0.010,0.782,-0.622,0.004,-0.001,0.373,-0.928,-0.006,-0.290,0.508,-0.811,0.037,-0.012,0.783,-0.621,0.004,-0.001,0.376,-0.927,0.000,0.000,0.000,0.000,
0.117,-0.151,0.018,0.981,-0.216,-0.003,-0.075,0.973,-0.346,0.042,-0.020,0.937,0.517,0.071,0.029,0.853,0.255,0.012,-0.016,0.967,0.226,0.069,-0.020,0.972,0.056,-0.040,-0.018,0.997,0.040,0.001,-0.065,0.997,0.077,0.005,0.004,0.997,-0.088,0.005,0.023,0.996,0.140,0.081,0.042,0.986,-0.038,0.118,0.004,0.992,-0.035,-0.092,0.084,0.992,-0.036,0.235,0.393,0.888,-0.201,-0.340,-0.243,0.886,0.031,0.601,-0.086,0.794,-0.230,-0.538,-0.017,0.811,0.089,0.025,-0.114,0.989,-0.148,-0.107,0.279,0.943,0.000,0.000,0.000,0.000,0.000,0.000,0.000,0.000,0.000,0.000,0.000,1.000,0.000,0.000,0.000,1.000,0.090,0.000,0.000,0.996,0.192,-0.042,0.224,0.954,0.022,-0.382,-0.013,0.924,0.018,-0.346,-0.010,0.938,0.082,-0.066,0.617,0.780,0.032,0.009,0.785,0.619,0.005,0.001,0.388,0.922,0.042,-0.108,0.606,0.787,-0.021,-0.006,0.786,0.618,-0.003,-0.001,0.389,0.921,-0.006,-0.151,0.538,0.829,-0.037,-0.010,0.785,0.619,-0.005,-0.001,0.388,0.922,-0.029,-0.168,0.564,0.808,-0.037,-0.012,0.786,0.617,-0.006,-0.002,0.390,0.921,-0.291,-0.048,0.294,-0.909,-0.025,-0.403,-0.014,-0.915,-0.017,-0.338,-0.010,-0.941,-0.107,-0.166,0.603,-0.773,-0.032,0.009,0.781,-0.624,-0.004,0.001,0.372,-0.928,-0.069,-0.216,0.580,-0.782,0.021,-0.006,0.783,-0.622,0.002,-0.001,0.373,-0.928,-0.028,-0.262,0.492,-0.830,0.037,-0.010,0.782,-0.622,0.004,-0.001,0.373,-0.928,-0.006,-0.290,0.508,-0.811,0.037,-0.012,0.783,-0.621,0.004,-0.001,0.376,-0.927,0.000,0.000,0.000,0.000,
0.135,0.009,-0.039,0.990,-0.407,0.014,0.017,0.913,-0.182,-0.009,-0.036,0.983,0.454,0.053,0.020,0.889,0.160,-0.127,-0.018,0.979,0.104,0.055,0.061,0.991,0.045,-0.133,0.120,0.983,0.058,-0.010,-0.029,0.998,0.084,0.005,0.001,0.996,-0.084,0.002,0.038,0.996,0.025,0.071,0.086,0.993,-0.066,0.168,-0.193,0.964,-0.094,-0.242,0.260,0.930,-0.339,0.414,0.060,0.843,-0.331,-0.394,-0.007,0.857,-0.106,0.255,-0.070,0.958,-0.355,-0.068,-0.002,0.932,0.074,0.010,-0.184,0.980,-0.185,-0.083,0.209,0.957,0.000,0.000,0.000,0.000,0.000,0.000,0.000,0.000,0.000,0.000,0.000,1.000,0.000,0.000,0.000,1.000,0.090,0.000,0.000,0.996,0.192,-0.042,0.224,0.954,0.022,-0.382,-0.013,0.924,0.018,-0.346,-0.010,0.938,0.082,-0.066,0.617,0.780,0.032,0.009,0.785,0.619,0.005,0.001,0.388,0.922,0.042,-0.108,0.606,0.787,-0.021,-0.006,0.786,0.618,-0.003,-0.001,0.389,0.921,-0.006,-0.151,0.538,0.829,-0.037,-0.010,0.785,0.619,-0.005,-0.001,0.388,0.922,-0.029,-0.168,0.564,0.808,-0.037,-0.012,0.786,0.617,-0.006,-0.002,0.390,0.921,-0.291,-0.048,0.294,-0.909,-0.025,-0.403,-0.014,-0.915,-0.017,-0.338,-0.010,-0.941,-0.107,-0.166,0.603,-0.773,-0.032,0.009,0.781,-0.624,-0.004,0.001,0.372,-0.928,-0.069,-0.216,0.580,-0.782,0.021,-0.006,0.783,-0.622,0.002,-0.001,0.373,-0.928,-0.028,-0.262,0.492,-0.830,0.037,-0.010,0.782,-0.622,0.004,-0.001,0.373,-0.928,-0.006,-0.290,0.508,-0.811,0.037,-0.012,0.783,-0.621,0.004,-0.001,0.376,-0.927,0.000,0.000,0.000,0.000,
0.048,0.181,0.037,0.982,-0.123,0.047,-0.089,0.987,0.121,0.014,0.085,0.989,0.039,0.002,-0.009,0.999,0.060,-0.015,0.006,0.998,0.060,-0.058,0.162,0.983,0.191,-0.011,-0.136,0.972,0.000,0.009,-0.053,0.999,0.070,0.004,-0.006,0.997,-0.042,-0.017,0.034,0.998,0.142,-0.025,0.093,0.985,0.018,-0.023,0.178,0.984,-0.035,-0.117,-0.055,0.991,0.063,0.017,0.333,0.941,0.129,-0.016,-0.465,0.876,0.057,0.495,-0.065,0.865,-0.089,-0.510,-0.050,0.854,0.096,0.008,-0.178,0.979,-0.096,-0.199,0.252,0.942,0.000,0.000,0.000,0.000,0.000,0.000,0.000,0.000,0.000,0.000,0.000,1.000,0.000,0.000,0.000,1.000,0.090,0.000,0.000,0.996,0.192,-0.042,0.224,0.954,0.022,-0.382,-0.013,0.924,0.018,-0.346,-0.010,0.938,0.082,-0.066,0.617,0.780,0.032,0.009,0.785,0.619,0.005,0.001,0.388,0.922,0.042,-0.108,0.606,0.787,-0.021,-0.006,0.786,0.618,-0.003,-0.001,0.389,0.921,-0.006,-0.151,0.538,0.829,-0.037,-0.010,0.785,0.619,-0.005,-0.001,0.388,0.922,-0.029,-0.168,0.564,0.808,-0.037,-0.012,0.786,0.617,-0.006,-0.002,0.390,0.921,-0.291,-0.048,0.294,-0.909,-0.025,-0.403,-0.014,-0.915,-0.017,-0.338,-0.010,-0.941,-0.107,-0.166,0.603,-0.773,-0.032,0.009,0.781,-0.624,-0.004,0.001,0.372,-0.928,-0.069,-0.216,0.580,-0.782,0.021,-0.006,0.783,-0.622,0.002,-0.001,0.373,-0.928,-0.028,-0.262,0.492,-0.830,0.037,-0.010,0.782,-0.622,0.004,-0.001,0.373,-0.928,-0.006,-0.290,0.508,-0.811,0.037,-0.012,0.783,-0.621,0.004,-0.001,0.376,-0.927,0.000,0.000,0.000,0.000,
0.071,0.083,0.058,0.992,-0.193,0.004,-0.097,0.976,-0.117,0.067,-0.028,0.991,0.080,0.028,-0.006,0.996,0.391,-0.037,-0.070,0.917,0.113,0.009,0.126,0.985,0.200,-0.114,-0.055,0.972,0.030,0.009,-0.046,0.998,0.084,0.002,-0.009,0.996,-0.093,-0.020,0.011,0.995,0.115,-0.015,0.070,0.991,0.003,0.011,0.106,0.994,-0.031,-0.102,-0.037,0.994,-0.012,0.090,0.314,0.945,0.018,-0.079,-0.441,0.894,0.013,0.603,-0.090,0.792,-0.163,-0.575,-0.030,0.801,0.080,0.000,-0.180,0.980,-0.122,-0.148,0.254,0.948,0.000,0.000,0.000,0.000,0.000,0.000,0.000,0.000,0.000,0.000,0.000,1.000,0.000,0.000,0.000,1.000,0.090,0.000,0.000,0.996,0.192,-0.042,0.224,0.954,0.022,-0.382,-0.013,0.924,0.018,-0.346,-0.010,0.938,0.082,-0.066,0.617,0.780,0.032,0.009,0.785,0.619,0.005,0.001,0.388,0.922,0.042,-0.108,0.606,0.787,-0.021,-0.006,0.786,0.618,-0.003,-0.001,0.389,0.921,-0.006,-0.151,0.538,0.829,-0.037,-0.010,0.785,0.619,-0.005,-0.001,0.388,0.922,-0.029,-0.168,0.564,0.808,-0.037,-0.012,0.786,0.617,-0.006,-0.002,0.390,0.921,-0.291,-0.048,0.294,-0.909,-0.025,-0.403,-0.014,-0.915,-0.017,-0.338,-0.010,-0.941,-0.107,-0.166,0.603,-0.773,-0.032,0.009,0.781,-0.624,-0.004,0.001,0.372,-0.928,-0.069,-0.216,0.580,-0.782,0.021,-0.006,0.783,-0.622,0.002,-0.001,0.373,-0.928,-0.028,-0.262,0.492,-0.830,0.037,-0.010,0.782,-0.622,0.004,-0.001,0.373,-0.928,-0.006,-0.290,0.508,-0.811,0.037,-0.012,0.783,-0.621,0.004,-0.001,0.376,-0.927,0.000,0.000,0.000,0.000,
0.090,-0.091,0.063,0.990,-0.139,0.008,-0.070,0.988,-0.464,0.132,0.004,0.876,0.066,0.148,0.004,0.987,0.516,-0.006,-0.146,0.844,-0.002,0.131,-0.032,0.991,0.258,-0.143,-0.007,0.956,0.076,0.002,-0.062,0.995,0.108,-0.001,-0.013,0.994,-0.136,0.002,0.038,0.990,0.047,0.057,-0.074,0.995,-0.096,0.243,-0.286,0.922,-0.108,-0.276,0.307,0.905,-0.419,0.390,0.050,0.818,-0.312,-0.329,0.078,0.888,-0.169,0.175,-0.075,0.967,-0.313,-0.055,0.000,0.948,0.104,-0.017,-0.132,0.986,-0.152,-0.084,0.195,0.965,0.000,0.000,0.000,0.000,0.000,0.000,0.000,0.000,0.000,0.000,0.000,1.000,0.000,0.000,0.000,1.000,0.090,0.000,0.000,0.996,0.192,-0.042,0.224,0.954,0.022,-0.382,-0.013,0.924,0.018,-0.346,-0.010,0.938,0.082,-0.066,0.617,0.780,0.032,0.009,0.785,0.619,0.005,0.001,0.388,0.922,0.042,-0.108,0.606,0.787,-0.021,-0.006,0.786,0.618,-0.003,-0.001,0.389,0.921,-0.006,-0.151,0.538,0.829,-0.037,-0.010,0.785,0.619,-0.005,-0.001,0.388,0.922,-0.029,-0.168,0.564,0.808,-0.037,-0.012,0.786,0.617,-0.006,-0.002,0.390,0.921,-0.291,-0.048,0.294,-0.909,-0.025,-0.403,-0.014,-0.915,-0.017,-0.338,-0.010,-0.941,-0.107,-0.166,0.603,-0.773,-0.032,0.009,0.781,-0.624,-0.004,0.001,0.372,-0.928,-0.069,-0.216,0.580,-0.782,0.021,-0.006,0.783,-0.622,0.002,-0.001,0.373,-0.928,-0.028,-0.262,0.492,-0.830,0.037,-0.010,0.782,-0.622,0.004,-0.001,0.373,-0.928,-0.006,-0.290,0.508,-0.811,0.037,-0.012,0.783,-0.621,0.004,-0.001,0.376,-0.927,0.000,0.000,0.000,0.000,
0.064,-0.229,0.061,0.969,0.084,0.076,-0.111,0.987,-0.172,0.056,-0.015,0.983,-0.005,0.006,-0.002,1.000,0.002,0.055,0.009,0.998,0.145,-0.094,0.211,0.962,0.317,-0.009,-0.124,0.940,0.022,0.018,-0.086,0.996,0.082,0.002,-0.005,0.997,-0.060,0.009,0.030,0.998,0.088,0.084,-0.078,0.989,-0.040,0.147,0.136,0.979,-0.025,-0.080,-0.017,0.996,0.108,0.067,0.371,0.920,-0.012,-0.073,-0.391,0.917,0.083,0.488,-0.028,0.869,-0.153,-0.570,-0.003,0.807,0.074,0.084,-0.148,0.983,-0.092,-0.246,0.215,0.941,0.000,0.000,0.000,0.000,0.000,0.000,0.000,0.000,0.000,0.000,0.000,1.000,0.000,0.000,0.000,1.000,0.090,0.000,0.000,0.996,0.192,-0.042,0.224,0.954,0.022,-0.382,-0.013,0.924,0.018,-0.346,-0.010,0.938,0.082,-0.066,0.617,0.780,0.032,0.009,0.785,0.619,0.005,0.001,0.388,0.922,0.042,-0.108,0.606,0.787,-0.021,-0.006,0.786,0.618,-0.003,-0.001,0.389,0.921,-0.006,-0.151,0.538,0.829,-0.037,-0.010,0.785,0.619,-0.005,-0.001,0.388,0.922,-0.029,-0.168,0.564,0.808,-0.037,-0.012,0.786,0.617,-0.006,-0.002,0.390,0.921,-0.291,-0.048,0.294,-0.909,-0.025,-0.403,-0.014,-0.915,-0.017,-0.338,-0.010,-0.941,-0.107,-0.166,0.603,-0.773,-0.032,0.009,0.781,-0.623,-0.004,0.001,0.372,-0.928,-0.069,-0.216,0.580,-0.782,0.021,-0.006,0.783,-0.622,0.002,-0.001,0.374,-0.928,-0.028,-0.262,0.492,-0.830,0.037,-0.010,0.782,-0.622,0.004,-0.001,0.373,-0.928,-0.006,-0.290,0.508,-0.811,0.037,-0.012,0.783,-0.620,0.004,-0.001,0.376,-0.927,0.000,0.000,0.000,0.000,
0.033,-0.213,0.043,0.975,0.038,0.004,-0.122,0.992,-0.200,0.028,-0.009,0.979,0.332,0.024,-0.017,0.943,0.144,0.000,-0.003,0.990,0.266,-0.007,0.125,0.956,0.082,-0.035,-0.036,0.995,0.010,0.009,-0.085,0.996,0.068,0.004,0.004,0.998,-0.045,0.005,0.011,0.999,0.157,0.116,-0.007,0.981,0.003,-0.011,-0.004,1.000,0.031,0.111,0.076,0.990,0.194,-0.121,0.601,0.766,0.066,-0.010,-0.519,0.852,-0.008,0.600,-0.038,0.799,-0.133,-0.676,-0.016,0.724,0.025,0.061,-0.141,0.988,-0.099,-0.231,0.206,0.946,0.000,0.000,0.000,0.000,0.000,0.000,0.000,0.000,0.000,0.000,0.000,1.000,0.000,0.000,0.000,1.000,0.090,0.000,0.000,0.996,0.192,-0.042,0.224,0.954,0.022,-0.382,-0.013,0.924,0.018,-0.346,-0.010,0.938,0.082,-0.066,0.617,0.780,0.032,0.009,0.785,0.619,0.005,0.001,0.388,0.922,0.042,-0.108,0.606,0.787,-0.021,-0.006,0.786,0.618,-0.003,-0.001,0.389,0.921,-0.006,-0.151,0.538,0.829,-0.037,-0.010,0.785,0.619,-0.005,-0.001,0.388,0.922,-0.029,-0.168,0.564,0.808,-0.037,-0.012,0.786,0.617,-0.006,-0.002,0.390,0.921,-0.291,-0.048,0.294,-0.909,-0.025,-0.403,-0.014,-0.915,-0.017,-0.338,-0.010,-0.941,-0.107,-0.166,0.603,-0.773,-0.032,0.009,0.781,-0.623,-0.004,0.001,0.372,-0.928,-0.069,-0.216,0.580,-0.783,0.021,-0.006,0.783,-0.622,0.002,-0.001,0.374,-0.928,-0.028,-0.262,0.492,-0.830,0.037,-0.010,0.782,-0.622,0.004,-0.001,0.373,-0.928,-0.006,-0.290,0.508,-0.811,0.037,-0.012,0.784,-0.620,0.004,-0.001,0.376,-0.927,0.000,0.000,0.000,0.000,
0.094,-0.031,0.001,0.995,-0.345,0.034,0.026,0.938,-0.247,0.008,-0.076,0.966,0.553,0.083,0.027,0.829,0.266,-0.069,-0.030,0.961,0.188,0.073,-0.042,0.979,0.018,-0.101,0.129,0.986,0.057,-0.024,-0.044,0.997,0.069,0.004,0.005,0.998,-0.117,-0.003,0.031,0.993,0.137,0.064,0.035,0.988,-0.071,0.184,-0.179,0.964,-0.092,-0.237,0.248,0.935,-0.317,0.411,0.187,0.834,-0.289,-0.400,0.029,0.869,-0.089,0.307,-0.095,0.943,-0.306,-0.121,-0.010,0.944,0.097,0.039,-0.185,0.977,-0.187,-0.117,0.189,0.957,0.000,0.000,0.000,0.000,0.000,0.000,0.000,0.000,0.000,0.000,0.000,1.000,0.000,0.000,0.000,1.000,0.090,0.000,0.000,0.996,0.192,-0.042,0.224,0.954,0.022,-0.382,-0.013,0.924,0.018,-0.346,-0.010,0.938,0.082,-0.066,0.617,0.780,0.032,0.009,0.785,0.619,0.005,0.001,0.388,0.922,0.042,-0.108,0.606,0.787,-0.021,-0.006,0.786,0.618,-0.003,-0.001,0.389,0.921,-0.006,-0.151,0.538,0.829,-0.037,-0.010,0.785,0.618,-0.005,-0.001,0.388,0.922,-0.029,-0.168,0.564,0.808,-0.037,-0.012,0.786,0.617,-0.006,-0.002,0.390,0.921,-0.291,-0.048,0.294,-0.909,-0.025,-0.403,-0.014,-0.915,-0.017,-0.338,-0.010,-0.941,-0.107,-0.166,0.602,-0.773,-0.032,0.009,0.782,-0.623,-0.004,0.001,0.372,-0.928,-0.069,-0.216,0.580,-0.783,0.021,-0.006,0.783,-0.621,0.002,-0.001,0.374,-0.928,-0.028,-0.261,0.492,-0.830,0.037,-0.010,0.782,-0.622,0.004,-0.001,0.373,-0.928,-0.006,-0.290,0.508,-0.811,0.037,-0.012,0.784,-0.620,0.004,-0.001,0.376,-0.927,0.000,0.000,0.000,0.000,
0.096,0.145,0.038,0.984,-0.210,-0.002,-0.022,0.978,-0.062,0.023,0.004,0.998,0.075,-0.038,-0.009,0.996,0.186,0.021,0.001,0.982,0.127,-0.035,0.047,0.990,0.191,-0.004,-0.138,0.972,0.036,-0.006,-0.051,0.998,0.068,0.004,-0.006,0.998,-0.067,-0.013,0.045,0.997,0.123,-0.004,0.083,0.989,-0.021,0.060,-0.033,0.997,-0.065,-0.181,0.104,0.976,-0.079,0.257,0.321,0.908,-0.096,-0.249,-0.416,0.869,0.028,0.490,-0.079,0.868,-0.183,-0.430,0.001,0.884,0.094,0.005,-0.139,0.986,-0.097,-0.173,0.248,0.948,0.000,0.000,0.000,0.000,0.000,0.000,0.000,0.000,0.000,0.000,0.000,1.000,0.000,0.000,0.000,1.000,0.090,0.000,0.000,0.996,0.192,-0.042,0.224,0.954,0.022,-0.382,-0.013,0.924,0.018,-0.346,-0.010,0.938,0.081,-0.066,0.617,0.780,0.032,0.009,0.785,0.618,0.005,0.001,0.388,0.922,0.042,-0.108,0.606,0.787,-0.021,-0.006,0.786,0.618,-0.003,-0.001,0.389,0.921,-0.006,-0.151,0.538,0.829,-0.037,-0.010,0.785,0.618,-0.005,-0.001,0.388,0.922,-0.029,-0.168,0.564,0.808,-0.037,-0.012,0.786,0.617,-0.006,-0.002,0.390,0.921,-0.291,-0.048,0.294,-0.909,-0.025,-0.403,-0.014,-0.915,-0.017,-0.338,-0.010,-0.941,-0.107,-0.166,0.602,-0.773,-0.032,0.009,0.782,-0.623,-0.004,0.001,0.372,-0.928,-0.069,-0.216,0.580,-0.783,0.021,-0.006,0.783,-0.621,0.002,-0.001,0.374,-0.928,-0.028,-0.261,0.492,-0.830,0.037,-0.010,0.782,-0.622,0.004,-0.001,0.373,-0.928,-0.006,-0.290,0.508,-0.811,0.037,-0.012,0.784,-0.620,0.004,-0.001,0.376,-0.927,0.000,0.000,0.000,0.000,
0.029,0.221,0.041,0.974,-0.134,0.023,0.011,0.991,0.107,-0.005,0.068,0.992,0.032,-0.107,-0.011,0.994,0.062,0.025,0.010,0.998,0.073,-0.120,0.052,0.989,0.185,0.043,-0.110,0.976,-0.002,0.016,-0.043,0.999,0.068,0.004,-0.006,0.998,-0.054,-0.028,0.046,0.997,0.164,-0.090,0.109,0.976,0.032,-0.090,0.048,0.994,-0.018,-0.046,0.053,0.997,0.089,0.006,0.459,0.884,0.225,0.004,-0.529,0.818,0.022,0.331,-0.038,0.943,-0.026,-0.521,-0.082,0.849,0.067,0.003,-0.105,0.992,-0.091,-0.241,0.175,0.950,0.000,0.000,0.000,0.000,0.000,0.000,0.000,0.000,0.000,0.000,0.000,1.000,0.000,0.000,0.000,1.000,0.090,0.000,0.000,0.996,0.192,-0.042,0.224,0.954,0.022,-0.382,-0.013,0.924,0.018,-0.346,-0.010,0.938,0.082,-0.066,0.617,0.780,0.032,0.009,0.785,0.618,0.005,0.001,0.388,0.922,0.042,-0.108,0.606,0.787,-0.021,-0.006,0.786,0.618,-0.003,-0.001,0.389,0.921,-0.006,-0.151,0.538,0.829,-0.037,-0.010,0.785,0.618,-0.005,-0.001,0.388,0.922,-0.029,-0.168,0.564,0.808,-0.037,-0.012,0.786,0.617,-0.006,-0.002,0.390,0.921,-0.291,-0.048,0.294,-0.909,-0.025,-0.403,-0.014,-0.915,-0.017,-0.338,-0.010,-0.941,-0.107,-0.166,0.602,-0.773,-0.032,0.009,0.782,-0.623,-0.004,0.001,0.372,-0.928,-0.069,-0.216,0.580,-0.783,0.021,-0.006,0.783,-0.621,0.002,-0.001,0.374,-0.928,-0.028,-0.262,0.492,-0.830,0.037,-0.010,0.782,-0.622,0.004,-0.001,0.373,-0.928,-0.006,-0.290,0.508,-0.811,0.037,-0.012,0.784,-0.620,0.004,-0.001,0.376,-0.927,0.000,0.000,0.000,0.000,
0.006,0.108,0.042,0.993,-0.206,0.000,0.009,0.979,-0.054,0.047,-0.066,0.995,0.171,-0.050,-0.013,0.984,0.571,0.039,-0.040,0.819,0.026,-0.044,0.001,0.999,0.113,-0.015,-0.061,0.992,0.019,0.023,-0.025,0.999,0.082,0.002,-0.009,0.997,-0.096,-0.013,0.035,0.995,0.172,-0.019,0.016,0.985,-0.025,0.071,-0.036,0.997,-0.047,-0.139,0.031,0.989,-0.037,0.309,0.416,0.855,0.008,-0.198,-0.454,0.869,0.021,0.329,-0.026,0.944,-0.132,-0.430,-0.028,0.893,0.050,-0.013,-0.074,0.996,-0.105,-0.087,0.161,0.977,0.000,0.000,0.000,0.000,0.000,0.000,0.000,0.000,0.000,0.000,0.000,1.000,0.000,0.000,0.000,1.000,0.090,0.000,0.000,0.996,0.193,-0.042,0.224,0.954,0.022,-0.382,-0.013,0.924,0.018,-0.346,-0.010,0.938,0.082,-0.066,0.617,0.780,0.032,0.009,0.785,0.618,0.005,0.001,0.388,0.922,0.042,-0.108,0.606,0.787,-0.021,-0.006,0.786,0.618,-0.003,-0.001,0.389,0.921,-0.006,-0.151,0.538,0.829,-0.037,-0.010,0.785,0.618,-0.005,-0.001,0.388,0.922,-0.029,-0.168,0.564,0.808,-0.037,-0.012,0.786,0.617,-0.006,-0.002,0.390,0.921,-0.291,-0.048,0.295,-0.909,-0.025,-0.403,-0.014,-0.915,-0.017,-0.338,-0.010,-0.941,-0.107,-0.166,0.603,-0.773,-0.032,0.009,0.782,-0.623,-0.004,0.001,0.372,-0.928,-0.069,-0.216,0.580,-0.782,0.021,-0.006,0.783,-0.621,0.002,-0.001,0.374,-0.928,-0.028,-0.262,0.492,-0.830,0.037,-0.010,0.782,-0.622,0.004,-0.001,0.373,-0.928,-0.006,-0.290,0.508,-0.811,0.037,-0.012,0.784,-0.620,0.004,-0.001,0.376,-0.927,0.000,0.000,0.000,0.000,
0.042,-0.012,0.089,0.995,-0.155,-0.011,-0.040,0.987,-0.295,0.127,-0.066,0.945,0.044,0.030,-0.004,0.999,0.605,0.146,-0.055,0.781,0.076,0.038,-0.045,0.995,0.238,0.040,-0.112,0.964,0.019,0.027,-0.069,0.997,0.102,0.000,-0.014,0.995,-0.129,-0.004,0.029,0.991,0.178,0.009,-0.005,0.984,-0.072,0.197,-0.133,0.969,-0.098,-0.278,0.120,0.948,-0.140,0.530,0.339,0.765,0.019,-0.480,-0.210,0.852,-0.037,0.163,0.001,0.986,-0.204,-0.065,-0.035,0.976,-0.021,0.005,-0.114,0.993,-0.339,0.046,0.118,0.932,0.000,0.000,0.000,0.000,0.000,0.000,0.000,0.000,0.000,0.000,0.000,1.000,0.000,0.000,0.000,1.000,0.090,0.000,0.000,0.996,0.193,-0.042,0.225,0.954,0.022,-0.383,-0.013,0.924,0.018,-0.346,-0.010,0.938,0.082,-0.067,0.617,0.780,0.032,0.009,0.785,0.619,0.005,0.001,0.388,0.922,0.042,-0.108,0.607,0.787,-0.021,-0.006,0.786,0.618,-0.003,-0.001,0.388,0.921,-0.006,-0.150,0.539,0.829,-0.037,-0.010,0.785,0.619,-0.005,-0.001,0.388,0.922,-0.029,-0.168,0.564,0.808,-0.037,-0.012,0.786,0.617,-0.006,-0.002,0.390,0.921,-0.292,-0.048,0.295,-0.908,-0.025,-0.402,-0.014,-0.915,-0.017,-0.338,-0.010,-0.941,-0.107,-0.166,0.603,-0.773,-0.032,0.009,0.781,-0.623,-0.004,0.001,0.372,-0.928,-0.069,-0.216,0.580,-0.782,0.021,-0.006,0.783,-0.622,0.002,-0.001,0.374,-0.928,-0.028,-0.261,0.492,-0.830,0.037,-0.010,0.782,-0.622,0.004,-0.001,0.373,-0.928,-0.006,-0.290,0.508,-0.811,0.037,-0.012,0.783,-0.620,0.004,-0.001,0.376,-0.927,0.000,0.000,0.000,0.000,
0.016,-0.071,0.024,0.997,-0.078,-0.021,-0.012,0.997,-0.066,-0.009,0.052,0.996,0.040,0.049,-0.002,0.998,-0.052,0.200,-0.005,0.978,0.031,0.071,-0.034,0.996,0.166,0.208,-0.186,0.946,0.010,0.016,-0.042,0.999,0.106,0.000,-0.006,0.994,-0.098,-0.002,0.024,0.995,0.176,0.051,-0.020,0.983,-0.057,0.164,-0.054,0.983,-0.087,-0.260,0.043,0.961,0.116,0.448,0.327,0.824,0.202,-0.408,-0.245,0.856,0.061,0.247,0.077,0.964,-0.116,-0.083,-0.060,0.988,-0.122,0.129,-0.052,0.983,-0.375,-0.010,0.093,0.922,0.000,0.000,0.000,0.000,0.000,0.000,0.000,0.000,0.000,0.000,0.000,1.000,0.000,0.000,0.000,1.000,0.090,0.000,0.000,0.996,0.193,-0.043,0.224,0.954,0.022,-0.382,-0.013,0.924,0.018,-0.345,-0.010,0.938,0.082,-0.067,0.615,0.781,0.032,0.009,0.783,0.621,0.005,0.001,0.387,0.922,0.042,-0.108,0.605,0.788,-0.021,-0.006,0.784,0.621,-0.003,-0.001,0.388,0.922,-0.006,-0.150,0.537,0.830,-0.037,-0.010,0.783,0.621,-0.005,-0.001,0.387,0.922,-0.029,-0.167,0.562,0.809,-0.037,-0.012,0.784,0.619,-0.005,-0.002,0.389,0.921,-0.291,-0.049,0.295,-0.909,-0.025,-0.402,-0.014,-0.915,-0.017,-0.337,-0.010,-0.941,-0.107,-0.166,0.600,-0.775,-0.032,0.008,0.779,-0.627,-0.004,0.001,0.371,-0.929,-0.069,-0.215,0.578,-0.784,0.021,-0.006,0.780,-0.625,0.002,-0.001,0.373,-0.928,-0.028,-0.260,0.490,-0.831,0.036,-0.010,0.779,-0.625,0.004,-0.001,0.372,-0.928,-0.006,-0.289,0.506,-0.813,0.037,-0.012,0.781,-0.624,0.004,-0.001,0.375,-0.927,0.000,0.000,0.000,0.000,
0.008,-0.049,0.012,0.999,-0.043,-0.023,-0.052,0.997,-0.069,0.017,0.036,0.997,0.059,0.049,-0.001,0.997,0.044,0.196,0.016,0.979,-0.025,0.065,0.016,0.997,0.076,0.180,-0.178,0.964,0.000,0.016,-0.049,0.999,0.084,0.002,-0.004,0.996,-0.089,-0.005,0.032,0.995,0.159,0.044,0.022,0.986,-0.009,0.025,-0.014,1.000,-0.036,-0.111,-0.001,0.993,0.203,0.146,0.552,0.795,0.325,-0.277,-0.438,0.791,-0.027,0.097,0.021,0.995,-0.113,-0.075,-0.058,0.989,-0.121,0.113,-0.027,0.986,-0.391,-0.044,0.046,0.918,0.000,0.000,0.000,0.000,0.000,0.000,0.000,0.000,0.000,0.000,0.000,1.000,0.000,0.000,0.000,1.000,0.090,0.000,0.000,0.996,0.196,-0.083,0.215,0.953,0.019,-0.354,-0.011,0.935,0.009,-0.273,-0.005,0.962,0.061,-0.068,0.459,0.884,0.021,0.006,0.632,0.775,-0.002,0.000,0.283,0.959,0.037,-0.098,0.459,0.882,-0.014,-0.004,0.633,0.774,0.001,0.000,0.283,0.959,0.006,-0.131,0.416,0.900,-0.024,-0.006,0.632,0.774,0.002,0.001,0.283,0.959,-0.009,-0.156,0.439,0.885,-0.024,-0.008,0.634,0.773,0.002,0.001,0.285,0.959,-0.294,-0.111,0.279,-0.907,-0.019,-0.353,-0.011,-0.935,-0.005,-0.243,-0.003,-0.970,-0.070,-0.139,0.374,-0.914,-0.015,0.004,0.546,-0.838,0.005,-0.001,0.225,-0.974,-0.054,-0.173,0.368,-0.912,0.010,-0.003,0.548,-0.837,-0.003,0.001,0.226,-0.974,-0.037,-0.205,0.320,-0.924,0.017,-0.005,0.547,-0.837,-0.006,0.002,0.226,-0.974,-0.027,-0.242,0.329,-0.912,0.018,-0.006,0.549,-0.835,-0.006,0.002,0.228,-0.974,0.000,0.000,0.000,0.000,
0.017,-0.055,0.001,0.998,-0.030,-0.022,-0.062,0.997,-0.069,0.029,0.034,0.997,0.054,0.055,-0.002,0.997,0.079,0.202,0.021,0.976,-0.040,0.067,0.040,0.996,0.031,0.175,-0.174,0.969,-0.006,0.018,-0.057,0.998,0.068,0.004,-0.003,0.998,-0.067,-0.008,0.021,0.997,0.157,0.059,0.036,0.985,0.005,-0.021,-0.032,0.999,-0.005,-0.015,-0.001,1.000,0.318,0.066,0.612,0.721,0.312,-0.190,-0.461,0.809,0.008,0.088,0.029,0.996,-0.097,-0.078,-0.048,0.991,-0.159,0.020,-0.066,0.985,-0.328,0.095,0.045,0.939,0.000,0.000,0.000,0.000,0.000,0.000,0.000,0.000,0.000,0.000,0.000,1.000,0.000,0.000,0.000,1.000,0.090,0.000,0.000,0.996,0.200,-0.143,0.202,0.948,0.013,-0.305,-0.007,0.952,-0.004,-0.165,0.002,0.986,0.022,-0.042,0.204,0.978,0.003,0.001,0.367,0.930,-0.011,-0.003,0.128,0.992,0.025,-0.066,0.223,0.972,-0.002,-0.001,0.367,0.930,0.007,0.002,0.127,0.992,0.023,-0.096,0.225,0.969,-0.004,-0.001,0.367,0.930,0.013,0.003,0.127,0.992,0.019,-0.133,0.243,0.961,-0.004,-0.001,0.368,0.930,0.013,0.004,0.127,0.992,-0.294,-0.185,0.259,-0.901,-0.010,-0.278,-0.006,-0.960,0.008,-0.129,0.004,-0.992,-0.008,-0.048,0.073,-0.996,0.006,-0.002,0.216,-0.976,0.016,-0.004,0.047,-0.999,-0.026,-0.079,0.090,-0.992,-0.004,0.001,0.217,-0.976,-0.010,0.003,0.048,-0.999,-0.044,-0.117,0.097,-0.987,-0.007,0.002,0.217,-0.976,-0.018,0.005,0.048,-0.999,-0.049,-0.165,0.097,-0.980,-0.007,0.002,0.218,-0.976,-0.018,0.006,0.049,-0.999,0.000,0.000,0.000,0.000,
0.008,-0.025,0.012,1.000,0.007,-0.019,-0.054,0.998,-0.037,0.011,0.030,0.999,0.025,0.036,-0.005,0.999,0.025,0.184,0.012,0.983,-0.039,0.046,0.042,0.997,0.059,0.172,-0.175,0.968,-0.009,0.016,-0.052,0.998,0.063,0.004,-0.005,0.998,-0.037,-0.014,0.008,0.999,0.179,0.043,0.043,0.982,0.012,-0.040,-0.023,0.999,0.008,0.026,0.000,1.000,0.270,0.087,0.651,0.704,0.220,-0.143,-0.462,0.847,-0.030,0.106,0.029,0.993,-0.104,-0.114,-0.044,0.987,-0.146,-0.152,-0.032,0.977,-0.232,0.112,0.038,0.965,0.000,0.000,0.000,0.000,0.000,0.000,0.000,0.000,0.000,0.000,0.000,1.000,0.000,0.000,0.000,1.000,0.090,0.000,0.000,0.996,0.203,-0.185,0.191,0.942,0.008,-0.266,-0.005,0.964,-0.012,-0.093,0.007,0.996,-0.009,-0.009,0.025,1.000,-0.008,-0.002,0.172,0.985,-0.017,-0.005,0.021,1.000,0.014,-0.036,0.056,0.998,0.006,0.002,0.172,0.985,0.011,0.003,0.020,1.000,0.034,-0.072,0.091,0.993,0.010,0.003,0.173,0.985,0.020,0.005,0.020,1.000,0.039,-0.120,0.105,0.986,0.010,0.003,0.172,0.985,0.020,0.007,0.020,1.000,-0.293,-0.211,0.250,-0.898,-0.006,-0.250,-0.004,-0.968,0.012,-0.093,0.007,-0.996,0.015,-0.007,-0.025,-1.000,0.012,-0.003,0.107,-0.994,0.019,-0.005,-0.010,-1.000,-0.014,-0.041,-0.002,-0.999,-0.008,0.002,0.108,-0.994,-0.012,0.003,-0.009,-1.000,-0.046,-0.086,0.023,-0.995,-0.014,0.004,0.109,-0.994,-0.021,0.006,-0.008,-1.000,-0.056,-0.139,0.020,-0.988,-0.014,0.005,0.109,-0.994,-0.022,0.007,-0.008,-1.000,0.000,0.000,0.000,0.000,
-0.016,0.007,-0.005,1.000,0.006,-0.022,-0.015,1.000,-0.100,0.022,0.087,0.991,0.075,0.008,-0.003,0.997,0.139,0.161,0.029,0.977,-0.063,0.030,0.024,0.997,0.100,0.152,-0.225,0.957,-0.002,0.007,-0.024,1.000,0.055,0.003,-0.004,0.998,-0.030,-0.014,0.016,0.999,0.193,0.025,0.050,0.980,0.003,-0.012,-0.010,1.000,0.003,0.014,0.018,1.000,0.187,0.136,0.565,0.792,0.172,-0.211,-0.456,0.847,-0.036,0.163,0.030,0.985,-0.125,-0.119,-0.044,0.984,-0.107,-0.207,-0.059,0.971,-0.236,-0.030,-0.018,0.971,0.000,0.000,0.000,0.000,0.000,0.000,0.000,0.000,0.000,0.000,0.000,1.000,0.000,0.000,0.000,1.000,0.090,0.000,0.000,0.996,0.203,-0.190,0.190,0.942,0.008,-0.262,-0.004,0.965,-0.013,-0.086,0.007,0.996,-0.012,-0.005,0.008,1.000,-0.010,-0.003,0.154,0.988,-0.018,-0.005,0.010,1.000,0.013,-0.032,0.040,0.999,0.006,0.002,0.153,0.988,0.012,0.003,0.009,1.000,0.035,-0.069,0.078,0.994,0.011,0.003,0.154,0.988,0.020,0.005,0.009,1.000,0.041,-0.120,0.092,0.988,0.011,0.004,0.154,0.988,0.021,0.007,0.009,1.000,-0.293,-0.209,0.251,-0.899,-0.007,-0.254,-0.004,-0.967,0.011,-0.098,0.007,-0.995,0.012,-0.013,-0.011,-1.000,0.011,-0.003,0.123,-0.992,0.018,-0.005,-0.001,-1.000,-0.016,-0.046,0.012,-0.999,-0.007,0.002,0.124,-0.992,-0.012,0.003,-0.001,-1.000,-0.046,-0.090,0.034,-0.994,-0.013,0.003,0.125,-0.992,-0.021,0.006,0.000,-1.000,-0.055,-0.143,0.032,-0.988,-0.013,0.004,0.126,-0.992,-0.021,0.007,0.000,-1.000,0.000,0.000,0.000,0.000,
-0.025,-0.002,0.014,1.000,0.013,-0.026,-0.027,0.999,-0.068,0.016,0.075,0.995,0.080,0.016,-0.002,0.997,0.104,0.165,0.025,0.980,-0.065,0.039,0.007,0.997,0.106,0.159,-0.231,0.954,-0.002,0.004,-0.016,1.000,0.044,0.003,-0.004,0.999,-0.010,-0.008,0.014,1.000,0.138,0.008,0.023,0.990,0.001,-0.002,0.003,1.000,0.001,0.005,0.015,1.000,0.169,0.184,0.506,0.826,0.163,-0.208,-0.474,0.840,-0.029,0.159,0.033,0.986,-0.138,-0.117,-0.042,0.983,-0.118,-0.040,-0.069,0.990,-0.237,-0.032,-0.023,0.971,0.000,0.000,0.000,0.000,0.000,0.000,0.000,0.000,0.000,0.000,0.000,1.000,0.000,0.000,0.000,1.000,0.090,0.000,0.000,0.996,0.202,-0.183,0.191,0.943,0.009,-0.269,-0.005,0.963,-0.011,-0.098,0.007,0.995,-0.006,-0.011,0.036,0.999,-0.008,-0.002,0.185,0.983,-0.017,-0.004,0.028,0.999,0.015,-0.038,0.067,0.997,0.005,0.001,0.184,0.983,0.011,0.003,0.027,1.000,0.033,-0.073,0.100,0.992,0.009,0.002,0.185,0.983,0.019,0.005,0.027,0.999,0.037,-0.121,0.114,0.985,0.009,0.003,0.185,0.983,0.020,0.006,0.027,0.999,-0.293,-0.198,0.254,-0.900,-0.008,-0.266,-0.005,-0.964,0.010,-0.113,0.006,-0.994,0.002,-0.030,0.030,-0.999,0.009,-0.002,0.168,-0.986,0.017,-0.005,0.022,-1.000,-0.021,-0.062,0.050,-0.997,-0.006,0.002,0.169,-0.986,-0.011,0.003,0.022,-1.000,-0.045,-0.103,0.064,-0.992,-0.010,0.003,0.170,-0.985,-0.019,0.005,0.023,-1.000,-0.052,-0.153,0.063,-0.985,-0.010,0.003,0.170,-0.985,-0.020,0.006,0.023,-1.000,0.000,0.000,0.000,0.000,
-0.019,0.016,0.009,1.000,0.017,-0.034,-0.018,0.999,-0.037,-0.007,0.070,0.997,0.063,0.004,-0.003,0.998,0.022,0.161,0.012,0.987,-0.060,0.038,0.000,0.997,0.086,0.175,-0.203,0.959,-0.003,0.000,-0.011,1.000,0.031,0.002,-0.003,1.000,0.007,-0.003,0.002,1.000,0.031,-0.017,-0.002,0.999,0.005,-0.009,0.027,1.000,0.000,0.001,0.006,1.000,0.201,0.187,0.524,0.806,0.191,-0.206,-0.498,0.821,-0.044,0.117,0.033,0.992,-0.111,-0.111,-0.041,0.987,-0.160,0.035,-0.030,0.986,-0.229,-0.019,-0.027,0.973,0.000,0.000,0.000,0.000,0.000,0.000,0.000,0.000,0.000,0.000,0.000,1.000,0.000,0.000,0.000,1.000,0.090,0.000,0.000,0.996,0.202,-0.182,0.192,0.943,0.009,-0.269,-0.005,0.963,-0.011,-0.098,0.007,0.995,-0.006,-0.011,0.037,0.999,-0.008,-0.002,0.185,0.983,-0.017,-0.004,0.030,0.999,0.015,-0.038,0.067,0.997,0.005,0.001,0.185,0.983,0.011,0.003,0.028,1.000,0.033,-0.073,0.100,0.992,0.009,0.002,0.185,0.983,0.019,0.005,0.028,0.999,0.037,-0.121,0.114,0.985,0.009,0.003,0.185,0.983,0.019,0.006,0.028,0.999,-0.293,-0.196,0.255,-0.900,-0.008,-0.267,-0.005,-0.964,0.009,-0.115,0.005,-0.993,0.001,-0.033,0.035,-0.999,0.008,-0.002,0.173,-0.985,0.017,-0.005,0.026,-0.999,-0.021,-0.064,0.055,-0.996,-0.005,0.002,0.174,-0.985,-0.011,0.003,0.027,-1.000,-0.045,-0.105,0.069,-0.991,-0.009,0.003,0.175,-0.984,-0.019,0.005,0.028,-0.999,-0.052,-0.155,0.068,-0.984,-0.010,0.003,0.176,-0.984,-0.019,0.006,0.028,-0.999,0.000,0.000,0.000,0.000,
-0.006,0.010,0.004,1.000,0.004,-0.039,-0.010,0.999,-0.049,-0.014,0.074,0.996,0.057,0.004,-0.002,0.998,0.012,0.165,0.010,0.986,-0.055,0.045,-0.011,0.997,0.096,0.186,-0.213,0.954,-0.001,0.001,-0.006,1.000,0.018,0.001,-0.002,1.000,0.002,-0.003,0.000,1.000,0.010,-0.020,-0.003,1.000,0.005,-0.009,0.029,1.000,0.000,0.000,0.001,1.000,0.207,0.173,0.560,0.784,0.199,-0.188,-0.507,0.817,-0.051,0.079,0.022,0.995,-0.102,-0.108,-0.038,0.988,-0.159,0.023,-0.033,0.986,-0.218,-0.011,-0.020,0.976,0.000,0.000,0.000,0.000,0.000,0.000,0.000,0.000,0.000,0.000,0.000,1.000,0.000,0.000,0.000,1.000,0.090,0.000,0.000,0.996,0.202,-0.182,0.192,0.943,0.009,-0.269,-0.005,0.963,-0.011,-0.098,0.007,0.995,-0.006,-0.011,0.037,0.999,-0.008,-0.002,0.185,0.983,-0.017,-0.004,0.029,0.999,0.015,-0.038,0.067,0.997,0.005,0.001,0.185,0.983,0.011,0.003,0.028,1.000,0.033,-0.073,0.100,0.992,0.009,0.002,0.185,0.983,0.019,0.005,0.028,0.999,0.037,-0.121,0.114,0.985,0.009,0.003,0.185,0.983,0.019,0.006,0.028,0.999,-0.293,-0.196,0.255,-0.900,-0.008,-0.267,-0.005,-0.964,0.009,-0.115,0.005,-0.993,0.001,-0.033,0.035,-0.999,0.008,-0.002,0.174,-0.985,0.017,-0.005,0.026,-1.000,-0.021,-0.064,0.055,-0.996,-0.005,0.002,0.175,-0.985,-0.011,0.003,0.027,-1.000,-0.045,-0.105,0.068,-0.991,-0.009,0.003,0.176,-0.984,-0.019,0.005,0.027,-0.999,-0.052,-0.155,0.067,-0.984,-0.010,0.003,0.176,-0.984,-0.019,0.006,0.028,-0.999,0.000,0.000,0.000,0.000,
-0.001,0.003,0.001,1.000,-0.001,-0.042,-0.003,0.999,-0.050,-0.017,0.081,0.995,0.058,0.006,-0.002,0.998,0.007,0.167,0.009,0.986,-0.054,0.052,-0.022,0.997,0.100,0.192,-0.222,0.951,0.000,0.000,-0.002,1.000,0.006,0.000,-0.001,1.000,-0.001,-0.001,0.000,1.000,0.003,-0.008,-0.001,1.000,0.004,-0.008,0.025,1.000,0.000,0.000,0.000,1.000,0.175,0.143,0.586,0.778,0.201,-0.182,-0.507,0.819,-0.053,0.068,0.012,0.996,-0.101,-0.098,-0.035,0.989,-0.112,0.009,-0.011,0.994,-0.217,-0.004,-0.023,0.976,0.000,0.000,0.000,0.000,0.000,0.000,0.000,0.000,0.000,0.000,0.000,1.000,0.000,0.000,0.000,1.000,0.090,0.000,0.000,0.996,0.202,-0.182,0.192,0.943,0.009,-0.269,-0.005,0.963,-0.011,-0.098,0.007,0.995,-0.006,-0.011,0.037,0.999,-0.008,-0.002,0.185,0.983,-0.017,-0.004,0.028,0.999,0.015,-0.038,0.067,0.997,0.005,0.001,0.185,0.983,0.011,0.003,0.027,1.000,0.033,-0.073,0.100,0.992,0.009,0.002,0.185,0.983,0.019,0.005,0.027,0.999,0.037,-0.121,0.114,0.985,0.009,0.003,0.185,0.983,0.019,0.006,0.027,0.999,-0.293,-0.196,0.255,-0.900,-0.008,-0.267,-0.005,-0.964,0.009,-0.115,0.005,-0.993,0.001,-0.033,0.035,-0.999,0.008,-0.002,0.173,-0.985,0.017,-0.005,0.026,-1.000,-0.021,-0.064,0.055,-0.996,-0.005,0.002,0.174,-0.985,-0.011,0.003,0.026,-1.000,-0.045,-0.105,0.068,-0.991,-0.009,0.003,0.175,-0.984,-0.019,0.005,0.027,-0.999,-0.052,-0.155,0.067,-0.984,-0.010,0.003,0.176,-0.984,-0.019,0.006,0.027,-0.999,0.000,0.000,0.000,0.000,
0.000,0.002,0.000,1.000,-0.001,-0.043,-0.001,0.999,-0.049,-0.019,0.083,0.995,0.058,0.006,-0.002,0.998,0.004,0.167,0.008,0.986,-0.055,0.053,-0.025,0.997,0.102,0.194,-0.225,0.950,0.000,0.000,0.000,1.000,0.000,0.000,0.000,1.000,0.000,0.000,0.000,1.000,0.000,0.000,0.000,1.000,0.004,-0.008,0.024,1.000,0.000,0.000,0.000,1.000,0.160,0.127,0.594,0.778,0.202,-0.182,-0.504,0.820,-0.063,0.072,0.010,0.995,-0.100,-0.098,-0.035,0.990,-0.100,-0.001,0.003,0.995,-0.217,-0.003,-0.024,0.976,0.000,0.000,0.000,0.000,0.000,0.000,0.000,0.000,0.000,0.000,0.000,1.000,0.000,0.000,0.000,1.000,0.090,0.000,0.000,0.996,0.202,-0.182,0.192,0.943,0.009,-0.269,-0.005,0.963,-0.011,-0.098,0.007,0.995,-0.006,-0.011,0.037,0.999,-0.008,-0.002,0.185,0.983,-0.017,-0.004,0.028,0.999,0.015,-0.038,0.067,0.997,0.005,0.001,0.185,0.983,0.011,0.003,0.027,1.000,0.033,-0.073,0.100,0.992,0.009,0.002,0.185,0.983,0.019,0.005,0.027,0.999,0.037,-0.121,0.114,0.985,0.009,0.003,0.185,0.983,0.019,0.006,0.027,0.999,-0.293,-0.196,0.255,-0.900,-0.008,-0.267,-0.005,-0.964,0.009,-0.115,0.005,-0.993,0.001,-0.033,0.035,-0.999,0.008,-0.002,0.173,-0.985,0.017,-0.005,0.025,-1.000,-0.021,-0.064,0.055,-0.996,-0.005,0.002,0.174,-0.985,-0.011,0.003,0.026,-1.000,-0.045,-0.105,0.068,-0.991,-0.009,0.003,0.175,-0.984,-0.019,0.005,0.027,-0.999,-0.052,-0.155,0.067,-0.984,-0.010,0.003,0.176,-0.984,-0.019,0.006,0.027,-0.999,0.000,0.000,0.000,0.000,
0.000,0.002,0.000,1.000,-0.001,-0.043,-0.001,0.999,-0.049,-0.019,0.083,0.995,0.058,0.006,-0.002,0.998,0.004,0.167,0.008,0.986,-0.055,0.053,-0.025,0.997,0.102,0.194,-0.225,0.950,0.000,0.000,0.000,1.000,0.000,0.000,0.000,1.000,0.000,0.000,0.000,1.000,0.000,0.000,0.000,1.000,0.004,-0.008,0.024,1.000,0.000,0.000,0.000,1.000,0.160,0.127,0.594,0.778,0.202,-0.182,-0.504,0.820,-0.063,0.072,0.010,0.995,-0.100,-0.098,-0.035,0.990,-0.100,-0.001,0.003,0.995,-0.217,-0.003,-0.024,0.976,0.000,0.000,0.000,0.000,0.000,0.000,0.000,0.000,0.000,0.000,0.000,1.000,0.000,0.000,0.000,1.000,0.090,0.000,0.000,0.996,0.202,-0.182,0.192,0.943,0.009,-0.269,-0.005,0.963,-0.011,-0.098,0.007,0.995,-0.006,-0.011,0.037,0.999,-0.008,-0.002,0.185,0.983,-0.017,-0.004,0.028,0.999,0.015,-0.038,0.067,0.997,0.005,0.001,0.185,0.983,0.011,0.003,0.027,1.000,0.033,-0.073,0.100,0.992,0.009,0.002,0.185,0.983,0.019,0.005,0.027,0.999,0.037,-0.121,0.114,0.985,0.009,0.003,0.185,0.983,0.019,0.006,0.027,0.999,-0.293,-0.196,0.255,-0.900,-0.008,-0.267,-0.005,-0.964,0.009,-0.115,0.005,-0.993,0.001,-0.033,0.035,-0.999,0.008,-0.002,0.173,-0.985,0.017,-0.005,0.025,-1.000,-0.021,-0.064,0.055,-0.996,-0.005,0.002,0.174,-0.985,-0.011,0.003,0.026,-1.000,-0.045,-0.105,0.068,-0.991,-0.009,0.003,0.175,-0.984,-0.019,0.005,0.027,-0.999,-0.052,-0.155,0.067,-0.984,-0.010,0.003,0.176,-0.984,-0.019,0.006,0.027,-0.999,0.000,0.000,0.000,0.000,
0.000,0.002,0.000,1.000,-0.001,-0.043,-0.001,0.999,-0.049,-0.019,0.083,0.995,0.058,0.006,-0.002,0.998,0.004,0.167,0.008,0.986,-0.055,0.053,-0.025,0.997,0.102,0.194,-0.225,0.950,0.000,0.000,0.000,1.000,0.000,0.000,0.000,1.000,0.000,0.000,0.000,1.000,0.000,0.000,0.000,1.000,0.004,-0.008,0.024,1.000,0.000,0.000,0.000,1.000,0.160,0.127,0.594,0.778,0.202,-0.182,-0.504,0.820,-0.063,0.072,0.010,0.995,-0.100,-0.098,-0.035,0.990,-0.100,-0.001,0.003,0.995,-0.217,-0.003,-0.024,0.976,0.000,0.000,0.000,0.000,0.000,0.000,0.000,0.000,0.000,0.000,0.000,1.000,0.000,0.000,0.000,1.000,0.090,0.000,0.000,0.996,0.202,-0.182,0.192,0.943,0.009,-0.269,-0.005,0.963,-0.011,-0.098,0.007,0.995,-0.006,-0.011,0.037,0.999,-0.008,-0.002,0.185,0.983,-0.017,-0.004,0.028,0.999,0.015,-0.038,0.067,0.997,0.005,0.001,0.185,0.983,0.011,0.003,0.027,1.000,0.033,-0.073,0.100,0.992,0.009,0.002,0.185,0.983,0.019,0.005,0.027,0.999,0.037,-0.121,0.114,0.985,0.009,0.003,0.185,0.983,0.019,0.006,0.027,0.999,-0.293,-0.196,0.255,-0.900,-0.008,-0.267,-0.005,-0.964,0.009,-0.115,0.005,-0.993,0.001,-0.033,0.035,-0.999,0.008,-0.002,0.173,-0.985,0.017,-0.005,0.025,-1.000,-0.021,-0.064,0.055,-0.996,-0.005,0.002,0.174,-0.985,-0.011,0.003,0.026,-1.000,-0.045,-0.105,0.068,-0.991,-0.009,0.003,0.175,-0.984,-0.019,0.005,0.027,-0.999,-0.052,-0.155,0.067,-0.984,-0.010,0.003,0.176,-0.984,-0.019,0.006,0.027,-0.999,0.000,0.000,0.000,0.000,
0.000,0.002,0.000,1.000,-0.001,-0.043,-0.001,0.999,-0.049,-0.019,0.083,0.995,0.058,0.006,-0.002,0.998,0.004,0.167,0.008,0.986,-0.055,0.053,-0.025,0.997,0.102,0.194,-0.225,0.950,0.000,0.000,0.000,1.000,0.000,0.000,0.000,1.000,0.000,0.000,0.000,1.000,0.000,0.000,0.000,1.000,0.004,-0.008,0.024,1.000,0.000,0.000,0.000,1.000,0.160,0.127,0.594,0.778,0.202,-0.182,-0.504,0.820,-0.063,0.072,0.010,0.995,-0.100,-0.098,-0.035,0.990,-0.100,-0.001,0.003,0.995,-0.217,-0.003,-0.024,0.976,0.000,0.000,0.000,0.000,0.000,0.000,0.000,0.000,0.000,0.000,0.000,1.000,0.000,0.000,0.000,1.000,0.090,0.000,0.000,0.996,0.202,-0.182,0.192,0.943,0.009,-0.269,-0.005,0.963,-0.011,-0.098,0.007,0.995,-0.006,-0.011,0.037,0.999,-0.008,-0.002,0.185,0.983,-0.017,-0.004,0.028,0.999,0.015,-0.038,0.067,0.997,0.005,0.001,0.185,0.983,0.011,0.003,0.027,1.000,0.033,-0.073,0.100,0.992,0.009,0.002,0.185,0.983,0.019,0.005,0.027,0.999,0.037,-0.121,0.114,0.985,0.009,0.003,0.185,0.983,0.019,0.006,0.027,0.999,-0.293,-0.196,0.255,-0.900,-0.008,-0.267,-0.005,-0.964,0.009,-0.115,0.005,-0.993,0.001,-0.033,0.035,-0.999,0.008,-0.002,0.173,-0.985,0.017,-0.005,0.025,-1.000,-0.021,-0.064,0.055,-0.996,-0.005,0.002,0.174,-0.985,-0.011,0.003,0.026,-1.000,-0.045,-0.105,0.068,-0.991,-0.009,0.003,0.175,-0.984,-0.019,0.005,0.027,-0.999,-0.052,-0.155,0.067,-0.984,-0.010,0.003,0.176,-0.984,-0.019,0.006,0.027,-0.999,0.000,0.000,0.000,0.000,
